id,invoice_number,buyer,amount,currency,purchase_order,invoice_image,image_name,item_number,amount,quantity
cpTT70nAC9sTzSXHRnzUdAVLOyhCvO7j,number-3Q9Y1r,buyer-453,2659065.36,EUR,PO-iNvNqy,R0lGODlhHgAXANUAAAAAABQUFCMjIykpKTU0NTw8PENDQ0tLS1JSUltbW2RkZGxsbG9wb3RzdHh3eHp6eoODg4qKipGRkZubm6Wlpaurq6+wr7S0tLy8vMTExMvLy9TU1Nvb2+Li4uzs7PPz8/39/QAAAAAAAAAAAAAAAAAAAAAAAAAAAAAAAAAAAAAAAAAAAAAAAAAAAAAAAAAAAAAAAAAAAAAAAAAAAAAAAAAAAAAAAAAAAAAAAAAAAAAAAAAAAAAAAAAAAAAAAAAAACH5BAkKACEAIf8LSUNDUkdCRzEwMTL/AAAHqGFwcGwCIAAAbW50clJHQiBYWVogB9kAAgAZAAsAGgALYWNzcEFQUEwAAAAAYXBwbAAAAAAAAAAAAAAAAAAAAAAAAPbWAAEAAAAA0y1hcHBsAAAAAAAAAAAAAAAAAAAAAAAAAAAAAAAAAAAAAAAAAAAAAAAAAAAAAAAAAAAAAAALZGVzYwAAAQgAAABvZHNjbQAAAXgAAAVsY3BydAAABuQAAAA4d3RwdAAABxwAAAAUclhZWgAABzAAAAAUZ1hZWgAAB0QAAAAUYlhZWgAAB1gAAAAUclRSQwAAB2wAAAAOY2hhZAAAB3wAAAAsYlRSQwAAB2wAAAAOZ1RS/0MAAAdsAAAADmRlc2MAAAAAAAAAFEdlbmVyaWMgUkdCIFByb2ZpbGUAAAAAAAAAAAAAABRHZW5lcmljIFJHQiBQcm9maWxlAAAAAAAAAAAAAAAAAAAAAAAAAAAAAAAAAAAAAAAAAAAAAAAAAAAAAAAAAAAAAAAAAABtbHVjAAAAAAAAAB4AAAAMc2tTSwAAACgAAAF4aHJIUgAAACgAAAGgY2FFUwAAACQAAAHIcHRCUgAAACYAAAHsdWtVQQAAACoAAAISZnJGVQAAACgAAAI8emhUVwAAABYAAAJkaXRJVAAAACgAAAJ6bmJOTwAAACYAAAKia29LUgAAABYAAP8CyGNzQ1oAAAAiAAAC3mhlSUwAAAAeAAADAGRlREUAAAAsAAADHmh1SFUAAAAoAAADSnN2U0UAAAAmAAAConpoQ04AAAAWAAADcmphSlAAAAAaAAADiHJvUk8AAAAkAAADomVsR1IAAAAiAAADxnB0UE8AAAAmAAAD6G5sTkwAAAAoAAAEDmVzRVMAAAAmAAAD6HRoVEgAAAAkAAAENnRyVFIAAAAiAAAEWmZpRkkAAAAoAAAEfHBsUEwAAAAsAAAEpHJ1UlUAAAAiAAAE0GFyRUcAAAAmAAAE8mVuVVMAAAAmAAAFGGRhREsAAAAuAAAFPgBWAWEAZQBvAGIAZQD/YwBuAP0AIABSAEcAQgAgAHAAcgBvAGYAaQBsAEcAZQBuAGUAcgBpAQ0AawBpACAAUgBHAEIAIABwAHIAbwBmAGkAbABQAGUAcgBmAGkAbAAgAFIARwBCACAAZwBlAG4A6AByAGkAYwBQAGUAcgBmAGkAbAAgAFIARwBCACAARwBlAG4A6QByAGkAYwBvBBcEMAQzBDAEOwRMBD0EOAQ5ACAEPwRABD4ERAQwBDkEOwAgAFIARwBCAFAAcgBvAGYAaQBsACAAZwDpAG4A6QByAGkAcQB1AGUAIABSAFYAQpAadSgAIABSAEcAQgAggnJfaWPPj/AAUAByAG8AZgBp/wBsAG8AIABSAEcAQgAgAGcAZQBuAGUAcgBpAGMAbwBHAGUAbgBlAHIAaQBzAGsAIABSAEcAQgAtAHAAcgBvAGYAaQBsx3y8GAAgAFIARwBCACDVBLhc0wzHfABPAGIAZQBjAG4A/QAgAFIARwBCACAAcAByAG8AZgBpAGwF5AXoBdUF5AXZBdwAIABSAEcAQgAgBdsF3AXcBdkAQQBsAGwAZwBlAG0AZQBpAG4AZQBzACAAUgBHAEIALQBQAHIAbwBmAGkAbADBAGwAdABhAGwA4QBuAG8AcwAgAFIARwBCACAAcAByAG8AZgBpAGxmbpAaACAAUgBHAEIAIGPPj//wZYdO9k4AgiwAIABSAEcAQgAgMNcw7TDVMKEwpDDrAFAAcgBvAGYAaQBsACAAUgBHAEIAIABnAGUAbgBlAHIAaQBjA5MDtQO9A7kDugPMACADwAPBA78DxgOvA7sAIABSAEcAQgBQAGUAcgBmAGkAbAAgAFIARwBCACAAZwBlAG4A6QByAGkAYwBvAEEAbABnAGUAbQBlAGUAbgAgAFIARwBCAC0AcAByAG8AZgBpAGUAbA5CDhsOIw5EDh8OJQ5MACAAUgBHAEIAIA4XDjEOSA4nDkQOGwBHAGUAbgBlAGwAIABSAEcAQgAgAFAAcgBvAGYAaQBsAGkAWQBsAGX/AGkAbgBlAG4AIABSAEcAQgAtAHAAcgBvAGYAaQBpAGwAaQBVAG4AaQB3AGUAcgBzAGEAbABuAHkAIABwAHIAbwBmAGkAbAAgAFIARwBCBB4EMQRJBDgEOQAgBD8EQAQ+BEQEOAQ7BEwAIABSAEcAQgZFBkQGQQAgBioGOQYxBkoGQQAgAFIARwBCACAGJwZEBjkGJwZFAEcAZQBuAGUAcgBpAGMAIABSAEcAQgAgAFAAcgBvAGYAaQBsAGUARwBlAG4AZQByAGUAbAAgAFIARwBCAC0AYgBlAHMAawByAGkAdgBlAGwAcwBldGV4dAAAAABDb3B5cmlnaHQgMjAwrzcgQXBwbGUgSW5jLiwgYWxsIHJpZ2h0cyByZXNlcnZlZC4AWFlaIAAAAAAAAPNSAAEAAAABFs9YWVogAAAAAAAAdE0AAD3uAAAD0FhZWiAAAAAAAABadQAArHMAABc0WFlaIAAAAAAAACgaAAAVnwAAuDZjdXJ2AAAAAAAAAAEBzQAAc2YzMgAAAAAAAQxCAAAF3v//8yYAAAeSAAD9kf//+6L///2jAAAD3AAAwGwALAAAAAAeABcAAAb/QJBwSCwaj8ikMvl5eI6ZggaUySyHHcKz+DkkHByCYHrdHD7GTSLTiFAokytIkyg+MQ3MYqGRVIhNF0YWEB0QGyAVABcYDxMPCxsLGCAdFRMHDVtEFAUIBpoHEAsZBgUYChcHHh8GCAAUSBMAGB0JGgoREB8ADyALAREgEQYgFMJHDwdUCR8FAB0ZAFazIBwAEIkKSASxHAIOAwQLBhAIFAcCEAUQBhMDlEcTHUIZEh0bFPR6GRwQUxoYxJNDUA4rJGiEJLziwcqRD2RAbEB0BYOHfB00VKhygcPEjSAwLET4xxIFDBvmUciAoYIGChAjkpwjIQOFCh40TNCAwSLOKw0OlVzwUKHChQkV4BS9UGEDzn5XMgrhaemIh4FLOiTcIJMIh5EFw4otGAQAOw==,invoice_image_jqhR.gif,66,631.51,843880
ndBcna7FG4202zRFa8gSPALdgJksPV4Z,number-HtqWbv,buyer-767,8303965.86,USD,PO-rrzrfz,R0lGODlhHgAXANUAAAAAABQUFCMjIykpKTU0NTw8PENDQ0tLS1JSUltbW2RkZGxsbG9wb3RzdHh3eHp6eoODg4qKipGRkZubm6Wlpaurq6+wr7S0tLy8vMTExMvLy9TU1Nvb2+Li4uzs7PPz8/39/QAAAAAAAAAAAAAAAAAAAAAAAAAAAAAAAAAAAAAAAAAAAAAAAAAAAAAAAAAAAAAAAAAAAAAAAAAAAAAAAAAAAAAAAAAAAAAAAAAAAAAAAAAAAAAAAAAAAAAAAAAAACH5BAkKACEAIf8LSUNDUkdCRzEwMTL/AAAHqGFwcGwCIAAAbW50clJHQiBYWVogB9kAAgAZAAsAGgALYWNzcEFQUEwAAAAAYXBwbAAAAAAAAAAAAAAAAAAAAAAAAPbWAAEAAAAA0y1hcHBsAAAAAAAAAAAAAAAAAAAAAAAAAAAAAAAAAAAAAAAAAAAAAAAAAAAAAAAAAAAAAAALZGVzYwAAAQgAAABvZHNjbQAAAXgAAAVsY3BydAAABuQAAAA4d3RwdAAABxwAAAAUclhZWgAABzAAAAAUZ1hZWgAAB0QAAAAUYlhZWgAAB1gAAAAUclRSQwAAB2wAAAAOY2hhZAAAB3wAAAAsYlRSQwAAB2wAAAAOZ1RS/0MAAAdsAAAADmRlc2MAAAAAAAAAFEdlbmVyaWMgUkdCIFByb2ZpbGUAAAAAAAAAAAAAABRHZW5lcmljIFJHQiBQcm9maWxlAAAAAAAAAAAAAAAAAAAAAAAAAAAAAAAAAAAAAAAAAAAAAAAAAAAAAAAAAAAAAAAAAABtbHVjAAAAAAAAAB4AAAAMc2tTSwAAACgAAAF4aHJIUgAAACgAAAGgY2FFUwAAACQAAAHIcHRCUgAAACYAAAHsdWtVQQAAACoAAAISZnJGVQAAACgAAAI8emhUVwAAABYAAAJkaXRJVAAAACgAAAJ6bmJOTwAAACYAAAKia29LUgAAABYAAP8CyGNzQ1oAAAAiAAAC3mhlSUwAAAAeAAADAGRlREUAAAAsAAADHmh1SFUAAAAoAAADSnN2U0UAAAAmAAAConpoQ04AAAAWAAADcmphSlAAAAAaAAADiHJvUk8AAAAkAAADomVsR1IAAAAiAAADxnB0UE8AAAAmAAAD6G5sTkwAAAAoAAAEDmVzRVMAAAAmAAAD6HRoVEgAAAAkAAAENnRyVFIAAAAiAAAEWmZpRkkAAAAoAAAEfHBsUEwAAAAsAAAEpHJ1UlUAAAAiAAAE0GFyRUcAAAAmAAAE8mVuVVMAAAAmAAAFGGRhREsAAAAuAAAFPgBWAWEAZQBvAGIAZQD/YwBuAP0AIABSAEcAQgAgAHAAcgBvAGYAaQBsAEcAZQBuAGUAcgBpAQ0AawBpACAAUgBHAEIAIABwAHIAbwBmAGkAbABQAGUAcgBmAGkAbAAgAFIARwBCACAAZwBlAG4A6AByAGkAYwBQAGUAcgBmAGkAbAAgAFIARwBCACAARwBlAG4A6QByAGkAYwBvBBcEMAQzBDAEOwRMBD0EOAQ5ACAEPwRABD4ERAQwBDkEOwAgAFIARwBCAFAAcgBvAGYAaQBsACAAZwDpAG4A6QByAGkAcQB1AGUAIABSAFYAQpAadSgAIABSAEcAQgAggnJfaWPPj/AAUAByAG8AZgBp/wBsAG8AIABSAEcAQgAgAGcAZQBuAGUAcgBpAGMAbwBHAGUAbgBlAHIAaQBzAGsAIABSAEcAQgAtAHAAcgBvAGYAaQBsx3y8GAAgAFIARwBCACDVBLhc0wzHfABPAGIAZQBjAG4A/QAgAFIARwBCACAAcAByAG8AZgBpAGwF5AXoBdUF5AXZBdwAIABSAEcAQgAgBdsF3AXcBdkAQQBsAGwAZwBlAG0AZQBpAG4AZQBzACAAUgBHAEIALQBQAHIAbwBmAGkAbADBAGwAdABhAGwA4QBuAG8AcwAgAFIARwBCACAAcAByAG8AZgBpAGxmbpAaACAAUgBHAEIAIGPPj//wZYdO9k4AgiwAIABSAEcAQgAgMNcw7TDVMKEwpDDrAFAAcgBvAGYAaQBsACAAUgBHAEIAIABnAGUAbgBlAHIAaQBjA5MDtQO9A7kDugPMACADwAPBA78DxgOvA7sAIABSAEcAQgBQAGUAcgBmAGkAbAAgAFIARwBCACAAZwBlAG4A6QByAGkAYwBvAEEAbABnAGUAbQBlAGUAbgAgAFIARwBCAC0AcAByAG8AZgBpAGUAbA5CDhsOIw5EDh8OJQ5MACAAUgBHAEIAIA4XDjEOSA4nDkQOGwBHAGUAbgBlAGwAIABSAEcAQgAgAFAAcgBvAGYAaQBsAGkAWQBsAGX/AGkAbgBlAG4AIABSAEcAQgAtAHAAcgBvAGYAaQBpAGwAaQBVAG4AaQB3AGUAcgBzAGEAbABuAHkAIABwAHIAbwBmAGkAbAAgAFIARwBCBB4EMQRJBDgEOQAgBD8EQAQ+BEQEOAQ7BEwAIABSAEcAQgZFBkQGQQAgBioGOQYxBkoGQQAgAFIARwBCACAGJwZEBjkGJwZFAEcAZQBuAGUAcgBpAGMAIABSAEcAQgAgAFAAcgBvAGYAaQBsAGUARwBlAG4AZQByAGUAbAAgAFIARwBCAC0AYgBlAHMAawByAGkAdgBlAGwAcwBldGV4dAAAAABDb3B5cmlnaHQgMjAwrzcgQXBwbGUgSW5jLiwgYWxsIHJpZ2h0cyByZXNlcnZlZC4AWFlaIAAAAAAAAPNSAAEAAAABFs9YWVogAAAAAAAAdE0AAD3uAAAD0FhZWiAAAAAAAABadQAArHMAABc0WFlaIAAAAAAAACgaAAAVnwAAuDZjdXJ2AAAAAAAAAAEBzQAAc2YzMgAAAAAAAQxCAAAF3v//8yYAAAeSAAD9kf//+6L///2jAAAD3AAAwGwALAAAAAAeABcAAAb/QJBwSCwaj8ikMvl5eI6ZggaUySyHHcKz+DkkHByCYHrdHD7GTSLTiFAokytIkyg+MQ3MYqGRVIhNF0YWEB0QGyAVABcYDxMPCxsLGCAdFRMHDVtEFAUIBpoHEAsZBgUYChcHHh8GCAAUSBMAGB0JGgoREB8ADyALAREgEQYgFMJHDwdUCR8FAB0ZAFazIBwAEIkKSASxHAIOAwQLBhAIFAcCEAUQBhMDlEcTHUIZEh0bFPR6GRwQUxoYxJNDUA4rJGiEJLziwcqRD2RAbEB0BYOHfB00VKhygcPEjSAwLET4xxIFDBvmUciAoYIGChAjkpwjIQOFCh40TNCAwSLOKw0OlVzwUKHChQkV4BS9UGEDzn5XMgrhaemIh4FLOiTcIJMIh5EFw4otGAQAOw==,invoice_image_T7j2.gif,86,41080171.28,50876
jjvTU1IpKS7AaUhtd0QVJuShfNhCC1za,number-VRuiRQ,buyer-692,960347030.24,USD,PO-N1Tqi7,R0lGODlhHgAXANUAAAAAABQUFCMjIykpKTU0NTw8PENDQ0tLS1JSUltbW2RkZGxsbG9wb3RzdHh3eHp6eoODg4qKipGRkZubm6Wlpaurq6+wr7S0tLy8vMTExMvLy9TU1Nvb2+Li4uzs7PPz8/39/QAAAAAAAAAAAAAAAAAAAAAAAAAAAAAAAAAAAAAAAAAAAAAAAAAAAAAAAAAAAAAAAAAAAAAAAAAAAAAAAAAAAAAAAAAAAAAAAAAAAAAAAAAAAAAAAAAAAAAAAAAAACH5BAkKACEAIf8LSUNDUkdCRzEwMTL/AAAHqGFwcGwCIAAAbW50clJHQiBYWVogB9kAAgAZAAsAGgALYWNzcEFQUEwAAAAAYXBwbAAAAAAAAAAAAAAAAAAAAAAAAPbWAAEAAAAA0y1hcHBsAAAAAAAAAAAAAAAAAAAAAAAAAAAAAAAAAAAAAAAAAAAAAAAAAAAAAAAAAAAAAAALZGVzYwAAAQgAAABvZHNjbQAAAXgAAAVsY3BydAAABuQAAAA4d3RwdAAABxwAAAAUclhZWgAABzAAAAAUZ1hZWgAAB0QAAAAUYlhZWgAAB1gAAAAUclRSQwAAB2wAAAAOY2hhZAAAB3wAAAAsYlRSQwAAB2wAAAAOZ1RS/0MAAAdsAAAADmRlc2MAAAAAAAAAFEdlbmVyaWMgUkdCIFByb2ZpbGUAAAAAAAAAAAAAABRHZW5lcmljIFJHQiBQcm9maWxlAAAAAAAAAAAAAAAAAAAAAAAAAAAAAAAAAAAAAAAAAAAAAAAAAAAAAAAAAAAAAAAAAABtbHVjAAAAAAAAAB4AAAAMc2tTSwAAACgAAAF4aHJIUgAAACgAAAGgY2FFUwAAACQAAAHIcHRCUgAAACYAAAHsdWtVQQAAACoAAAISZnJGVQAAACgAAAI8emhUVwAAABYAAAJkaXRJVAAAACgAAAJ6bmJOTwAAACYAAAKia29LUgAAABYAAP8CyGNzQ1oAAAAiAAAC3mhlSUwAAAAeAAADAGRlREUAAAAsAAADHmh1SFUAAAAoAAADSnN2U0UAAAAmAAAConpoQ04AAAAWAAADcmphSlAAAAAaAAADiHJvUk8AAAAkAAADomVsR1IAAAAiAAADxnB0UE8AAAAmAAAD6G5sTkwAAAAoAAAEDmVzRVMAAAAmAAAD6HRoVEgAAAAkAAAENnRyVFIAAAAiAAAEWmZpRkkAAAAoAAAEfHBsUEwAAAAsAAAEpHJ1UlUAAAAiAAAE0GFyRUcAAAAmAAAE8mVuVVMAAAAmAAAFGGRhREsAAAAuAAAFPgBWAWEAZQBvAGIAZQD/YwBuAP0AIABSAEcAQgAgAHAAcgBvAGYAaQBsAEcAZQBuAGUAcgBpAQ0AawBpACAAUgBHAEIAIABwAHIAbwBmAGkAbABQAGUAcgBmAGkAbAAgAFIARwBCACAAZwBlAG4A6AByAGkAYwBQAGUAcgBmAGkAbAAgAFIARwBCACAARwBlAG4A6QByAGkAYwBvBBcEMAQzBDAEOwRMBD0EOAQ5ACAEPwRABD4ERAQwBDkEOwAgAFIARwBCAFAAcgBvAGYAaQBsACAAZwDpAG4A6QByAGkAcQB1AGUAIABSAFYAQpAadSgAIABSAEcAQgAggnJfaWPPj/AAUAByAG8AZgBp/wBsAG8AIABSAEcAQgAgAGcAZQBuAGUAcgBpAGMAbwBHAGUAbgBlAHIAaQBzAGsAIABSAEcAQgAtAHAAcgBvAGYAaQBsx3y8GAAgAFIARwBCACDVBLhc0wzHfABPAGIAZQBjAG4A/QAgAFIARwBCACAAcAByAG8AZgBpAGwF5AXoBdUF5AXZBdwAIABSAEcAQgAgBdsF3AXcBdkAQQBsAGwAZwBlAG0AZQBpAG4AZQBzACAAUgBHAEIALQBQAHIAbwBmAGkAbADBAGwAdABhAGwA4QBuAG8AcwAgAFIARwBCACAAcAByAG8AZgBpAGxmbpAaACAAUgBHAEIAIGPPj//wZYdO9k4AgiwAIABSAEcAQgAgMNcw7TDVMKEwpDDrAFAAcgBvAGYAaQBsACAAUgBHAEIAIABnAGUAbgBlAHIAaQBjA5MDtQO9A7kDugPMACADwAPBA78DxgOvA7sAIABSAEcAQgBQAGUAcgBmAGkAbAAgAFIARwBCACAAZwBlAG4A6QByAGkAYwBvAEEAbABnAGUAbQBlAGUAbgAgAFIARwBCAC0AcAByAG8AZgBpAGUAbA5CDhsOIw5EDh8OJQ5MACAAUgBHAEIAIA4XDjEOSA4nDkQOGwBHAGUAbgBlAGwAIABSAEcAQgAgAFAAcgBvAGYAaQBsAGkAWQBsAGX/AGkAbgBlAG4AIABSAEcAQgAtAHAAcgBvAGYAaQBpAGwAaQBVAG4AaQB3AGUAcgBzAGEAbABuAHkAIABwAHIAbwBmAGkAbAAgAFIARwBCBB4EMQRJBDgEOQAgBD8EQAQ+BEQEOAQ7BEwAIABSAEcAQgZFBkQGQQAgBioGOQYxBkoGQQAgAFIARwBCACAGJwZEBjkGJwZFAEcAZQBuAGUAcgBpAGMAIABSAEcAQgAgAFAAcgBvAGYAaQBsAGUARwBlAG4AZQByAGUAbAAgAFIARwBCAC0AYgBlAHMAawByAGkAdgBlAGwAcwBldGV4dAAAAABDb3B5cmlnaHQgMjAwrzcgQXBwbGUgSW5jLiwgYWxsIHJpZ2h0cyByZXNlcnZlZC4AWFlaIAAAAAAAAPNSAAEAAAABFs9YWVogAAAAAAAAdE0AAD3uAAAD0FhZWiAAAAAAAABadQAArHMAABc0WFlaIAAAAAAAACgaAAAVnwAAuDZjdXJ2AAAAAAAAAAEBzQAAc2YzMgAAAAAAAQxCAAAF3v//8yYAAAeSAAD9kf//+6L///2jAAAD3AAAwGwALAAAAAAeABcAAAb/QJBwSCwaj8ikMvl5eI6ZggaUySyHHcKz+DkkHByCYHrdHD7GTSLTiFAokytIkyg+MQ3MYqGRVIhNF0YWEB0QGyAVABcYDxMPCxsLGCAdFRMHDVtEFAUIBpoHEAsZBgUYChcHHh8GCAAUSBMAGB0JGgoREB8ADyALAREgEQYgFMJHDwdUCR8FAB0ZAFazIBwAEIkKSASxHAIOAwQLBhAIFAcCEAUQBhMDlEcTHUIZEh0bFPR6GRwQUxoYxJNDUA4rJGiEJLziwcqRD2RAbEB0BYOHfB00VKhygcPEjSAwLET4xxIFDBvmUciAoYIGChAjkpwjIQOFCh40TNCAwSLOKw0OlVzwUKHChQkV4BS9UGEDzn5XMgrhaemIh4FLOiTcIJMIh5EFw4otGAQAOw==,invoice_image_PZyy.gif,75,6.16,6
ScJtjhlEp9aTPlrnWWp7NqL0cpeVHt40,number-4vhyMj,buyer-546,575.81,CAD,PO-Dcthjl,R0lGODlhHgAXANUAAAAAABQUFCMjIykpKTU0NTw8PENDQ0tLS1JSUltbW2RkZGxsbG9wb3RzdHh3eHp6eoODg4qKipGRkZubm6Wlpaurq6+wr7S0tLy8vMTExMvLy9TU1Nvb2+Li4uzs7PPz8/39/QAAAAAAAAAAAAAAAAAAAAAAAAAAAAAAAAAAAAAAAAAAAAAAAAAAAAAAAAAAAAAAAAAAAAAAAAAAAAAAAAAAAAAAAAAAAAAAAAAAAAAAAAAAAAAAAAAAAAAAAAAAACH5BAkKACEAIf8LSUNDUkdCRzEwMTL/AAAHqGFwcGwCIAAAbW50clJHQiBYWVogB9kAAgAZAAsAGgALYWNzcEFQUEwAAAAAYXBwbAAAAAAAAAAAAAAAAAAAAAAAAPbWAAEAAAAA0y1hcHBsAAAAAAAAAAAAAAAAAAAAAAAAAAAAAAAAAAAAAAAAAAAAAAAAAAAAAAAAAAAAAAALZGVzYwAAAQgAAABvZHNjbQAAAXgAAAVsY3BydAAABuQAAAA4d3RwdAAABxwAAAAUclhZWgAABzAAAAAUZ1hZWgAAB0QAAAAUYlhZWgAAB1gAAAAUclRSQwAAB2wAAAAOY2hhZAAAB3wAAAAsYlRSQwAAB2wAAAAOZ1RS/0MAAAdsAAAADmRlc2MAAAAAAAAAFEdlbmVyaWMgUkdCIFByb2ZpbGUAAAAAAAAAAAAAABRHZW5lcmljIFJHQiBQcm9maWxlAAAAAAAAAAAAAAAAAAAAAAAAAAAAAAAAAAAAAAAAAAAAAAAAAAAAAAAAAAAAAAAAAABtbHVjAAAAAAAAAB4AAAAMc2tTSwAAACgAAAF4aHJIUgAAACgAAAGgY2FFUwAAACQAAAHIcHRCUgAAACYAAAHsdWtVQQAAACoAAAISZnJGVQAAACgAAAI8emhUVwAAABYAAAJkaXRJVAAAACgAAAJ6bmJOTwAAACYAAAKia29LUgAAABYAAP8CyGNzQ1oAAAAiAAAC3mhlSUwAAAAeAAADAGRlREUAAAAsAAADHmh1SFUAAAAoAAADSnN2U0UAAAAmAAAConpoQ04AAAAWAAADcmphSlAAAAAaAAADiHJvUk8AAAAkAAADomVsR1IAAAAiAAADxnB0UE8AAAAmAAAD6G5sTkwAAAAoAAAEDmVzRVMAAAAmAAAD6HRoVEgAAAAkAAAENnRyVFIAAAAiAAAEWmZpRkkAAAAoAAAEfHBsUEwAAAAsAAAEpHJ1UlUAAAAiAAAE0GFyRUcAAAAmAAAE8mVuVVMAAAAmAAAFGGRhREsAAAAuAAAFPgBWAWEAZQBvAGIAZQD/YwBuAP0AIABSAEcAQgAgAHAAcgBvAGYAaQBsAEcAZQBuAGUAcgBpAQ0AawBpACAAUgBHAEIAIABwAHIAbwBmAGkAbABQAGUAcgBmAGkAbAAgAFIARwBCACAAZwBlAG4A6AByAGkAYwBQAGUAcgBmAGkAbAAgAFIARwBCACAARwBlAG4A6QByAGkAYwBvBBcEMAQzBDAEOwRMBD0EOAQ5ACAEPwRABD4ERAQwBDkEOwAgAFIARwBCAFAAcgBvAGYAaQBsACAAZwDpAG4A6QByAGkAcQB1AGUAIABSAFYAQpAadSgAIABSAEcAQgAggnJfaWPPj/AAUAByAG8AZgBp/wBsAG8AIABSAEcAQgAgAGcAZQBuAGUAcgBpAGMAbwBHAGUAbgBlAHIAaQBzAGsAIABSAEcAQgAtAHAAcgBvAGYAaQBsx3y8GAAgAFIARwBCACDVBLhc0wzHfABPAGIAZQBjAG4A/QAgAFIARwBCACAAcAByAG8AZgBpAGwF5AXoBdUF5AXZBdwAIABSAEcAQgAgBdsF3AXcBdkAQQBsAGwAZwBlAG0AZQBpAG4AZQBzACAAUgBHAEIALQBQAHIAbwBmAGkAbADBAGwAdABhAGwA4QBuAG8AcwAgAFIARwBCACAAcAByAG8AZgBpAGxmbpAaACAAUgBHAEIAIGPPj//wZYdO9k4AgiwAIABSAEcAQgAgMNcw7TDVMKEwpDDrAFAAcgBvAGYAaQBsACAAUgBHAEIAIABnAGUAbgBlAHIAaQBjA5MDtQO9A7kDugPMACADwAPBA78DxgOvA7sAIABSAEcAQgBQAGUAcgBmAGkAbAAgAFIARwBCACAAZwBlAG4A6QByAGkAYwBvAEEAbABnAGUAbQBlAGUAbgAgAFIARwBCAC0AcAByAG8AZgBpAGUAbA5CDhsOIw5EDh8OJQ5MACAAUgBHAEIAIA4XDjEOSA4nDkQOGwBHAGUAbgBlAGwAIABSAEcAQgAgAFAAcgBvAGYAaQBsAGkAWQBsAGX/AGkAbgBlAG4AIABSAEcAQgAtAHAAcgBvAGYAaQBpAGwAaQBVAG4AaQB3AGUAcgBzAGEAbABuAHkAIABwAHIAbwBmAGkAbAAgAFIARwBCBB4EMQRJBDgEOQAgBD8EQAQ+BEQEOAQ7BEwAIABSAEcAQgZFBkQGQQAgBioGOQYxBkoGQQAgAFIARwBCACAGJwZEBjkGJwZFAEcAZQBuAGUAcgBpAGMAIABSAEcAQgAgAFAAcgBvAGYAaQBsAGUARwBlAG4AZQByAGUAbAAgAFIARwBCAC0AYgBlAHMAawByAGkAdgBlAGwAcwBldGV4dAAAAABDb3B5cmlnaHQgMjAwrzcgQXBwbGUgSW5jLiwgYWxsIHJpZ2h0cyByZXNlcnZlZC4AWFlaIAAAAAAAAPNSAAEAAAABFs9YWVogAAAAAAAAdE0AAD3uAAAD0FhZWiAAAAAAAABadQAArHMAABc0WFlaIAAAAAAAACgaAAAVnwAAuDZjdXJ2AAAAAAAAAAEBzQAAc2YzMgAAAAAAAQxCAAAF3v//8yYAAAeSAAD9kf//+6L///2jAAAD3AAAwGwALAAAAAAeABcAAAb/QJBwSCwaj8ikMvl5eI6ZggaUySyHHcKz+DkkHByCYHrdHD7GTSLTiFAokytIkyg+MQ3MYqGRVIhNF0YWEB0QGyAVABcYDxMPCxsLGCAdFRMHDVtEFAUIBpoHEAsZBgUYChcHHh8GCAAUSBMAGB0JGgoREB8ADyALAREgEQYgFMJHDwdUCR8FAB0ZAFazIBwAEIkKSASxHAIOAwQLBhAIFAcCEAUQBhMDlEcTHUIZEh0bFPR6GRwQUxoYxJNDUA4rJGiEJLziwcqRD2RAbEB0BYOHfB00VKhygcPEjSAwLET4xxIFDBvmUciAoYIGChAjkpwjIQOFCh40TNCAwSLOKw0OlVzwUKHChQkV4BS9UGEDzn5XMgrhaemIh4FLOiTcIJMIh5EFw4otGAQAOw==,invoice_image_5bqq.gif,65,65796574.51,949616
QlWNLmLTgUajBOY4Mn4pNWKx7dJWpN0s,number-yl5PAr,buyer-934,7536.94,CAD,PO-YstmTa,R0lGODlhHgAXANUAAAAAABQUFCMjIykpKTU0NTw8PENDQ0tLS1JSUltbW2RkZGxsbG9wb3RzdHh3eHp6eoODg4qKipGRkZubm6Wlpaurq6+wr7S0tLy8vMTExMvLy9TU1Nvb2+Li4uzs7PPz8/39/QAAAAAAAAAAAAAAAAAAAAAAAAAAAAAAAAAAAAAAAAAAAAAAAAAAAAAAAAAAAAAAAAAAAAAAAAAAAAAAAAAAAAAAAAAAAAAAAAAAAAAAAAAAAAAAAAAAAAAAAAAAACH5BAkKACEAIf8LSUNDUkdCRzEwMTL/AAAHqGFwcGwCIAAAbW50clJHQiBYWVogB9kAAgAZAAsAGgALYWNzcEFQUEwAAAAAYXBwbAAAAAAAAAAAAAAAAAAAAAAAAPbWAAEAAAAA0y1hcHBsAAAAAAAAAAAAAAAAAAAAAAAAAAAAAAAAAAAAAAAAAAAAAAAAAAAAAAAAAAAAAAALZGVzYwAAAQgAAABvZHNjbQAAAXgAAAVsY3BydAAABuQAAAA4d3RwdAAABxwAAAAUclhZWgAABzAAAAAUZ1hZWgAAB0QAAAAUYlhZWgAAB1gAAAAUclRSQwAAB2wAAAAOY2hhZAAAB3wAAAAsYlRSQwAAB2wAAAAOZ1RS/0MAAAdsAAAADmRlc2MAAAAAAAAAFEdlbmVyaWMgUkdCIFByb2ZpbGUAAAAAAAAAAAAAABRHZW5lcmljIFJHQiBQcm9maWxlAAAAAAAAAAAAAAAAAAAAAAAAAAAAAAAAAAAAAAAAAAAAAAAAAAAAAAAAAAAAAAAAAABtbHVjAAAAAAAAAB4AAAAMc2tTSwAAACgAAAF4aHJIUgAAACgAAAGgY2FFUwAAACQAAAHIcHRCUgAAACYAAAHsdWtVQQAAACoAAAISZnJGVQAAACgAAAI8emhUVwAAABYAAAJkaXRJVAAAACgAAAJ6bmJOTwAAACYAAAKia29LUgAAABYAAP8CyGNzQ1oAAAAiAAAC3mhlSUwAAAAeAAADAGRlREUAAAAsAAADHmh1SFUAAAAoAAADSnN2U0UAAAAmAAAConpoQ04AAAAWAAADcmphSlAAAAAaAAADiHJvUk8AAAAkAAADomVsR1IAAAAiAAADxnB0UE8AAAAmAAAD6G5sTkwAAAAoAAAEDmVzRVMAAAAmAAAD6HRoVEgAAAAkAAAENnRyVFIAAAAiAAAEWmZpRkkAAAAoAAAEfHBsUEwAAAAsAAAEpHJ1UlUAAAAiAAAE0GFyRUcAAAAmAAAE8mVuVVMAAAAmAAAFGGRhREsAAAAuAAAFPgBWAWEAZQBvAGIAZQD/YwBuAP0AIABSAEcAQgAgAHAAcgBvAGYAaQBsAEcAZQBuAGUAcgBpAQ0AawBpACAAUgBHAEIAIABwAHIAbwBmAGkAbABQAGUAcgBmAGkAbAAgAFIARwBCACAAZwBlAG4A6AByAGkAYwBQAGUAcgBmAGkAbAAgAFIARwBCACAARwBlAG4A6QByAGkAYwBvBBcEMAQzBDAEOwRMBD0EOAQ5ACAEPwRABD4ERAQwBDkEOwAgAFIARwBCAFAAcgBvAGYAaQBsACAAZwDpAG4A6QByAGkAcQB1AGUAIABSAFYAQpAadSgAIABSAEcAQgAggnJfaWPPj/AAUAByAG8AZgBp/wBsAG8AIABSAEcAQgAgAGcAZQBuAGUAcgBpAGMAbwBHAGUAbgBlAHIAaQBzAGsAIABSAEcAQgAtAHAAcgBvAGYAaQBsx3y8GAAgAFIARwBCACDVBLhc0wzHfABPAGIAZQBjAG4A/QAgAFIARwBCACAAcAByAG8AZgBpAGwF5AXoBdUF5AXZBdwAIABSAEcAQgAgBdsF3AXcBdkAQQBsAGwAZwBlAG0AZQBpAG4AZQBzACAAUgBHAEIALQBQAHIAbwBmAGkAbADBAGwAdABhAGwA4QBuAG8AcwAgAFIARwBCACAAcAByAG8AZgBpAGxmbpAaACAAUgBHAEIAIGPPj//wZYdO9k4AgiwAIABSAEcAQgAgMNcw7TDVMKEwpDDrAFAAcgBvAGYAaQBsACAAUgBHAEIAIABnAGUAbgBlAHIAaQBjA5MDtQO9A7kDugPMACADwAPBA78DxgOvA7sAIABSAEcAQgBQAGUAcgBmAGkAbAAgAFIARwBCACAAZwBlAG4A6QByAGkAYwBvAEEAbABnAGUAbQBlAGUAbgAgAFIARwBCAC0AcAByAG8AZgBpAGUAbA5CDhsOIw5EDh8OJQ5MACAAUgBHAEIAIA4XDjEOSA4nDkQOGwBHAGUAbgBlAGwAIABSAEcAQgAgAFAAcgBvAGYAaQBsAGkAWQBsAGX/AGkAbgBlAG4AIABSAEcAQgAtAHAAcgBvAGYAaQBpAGwAaQBVAG4AaQB3AGUAcgBzAGEAbABuAHkAIABwAHIAbwBmAGkAbAAgAFIARwBCBB4EMQRJBDgEOQAgBD8EQAQ+BEQEOAQ7BEwAIABSAEcAQgZFBkQGQQAgBioGOQYxBkoGQQAgAFIARwBCACAGJwZEBjkGJwZFAEcAZQBuAGUAcgBpAGMAIABSAEcAQgAgAFAAcgBvAGYAaQBsAGUARwBlAG4AZQByAGUAbAAgAFIARwBCAC0AYgBlAHMAawByAGkAdgBlAGwAcwBldGV4dAAAAABDb3B5cmlnaHQgMjAwrzcgQXBwbGUgSW5jLiwgYWxsIHJpZ2h0cyByZXNlcnZlZC4AWFlaIAAAAAAAAPNSAAEAAAABFs9YWVogAAAAAAAAdE0AAD3uAAAD0FhZWiAAAAAAAABadQAArHMAABc0WFlaIAAAAAAAACgaAAAVnwAAuDZjdXJ2AAAAAAAAAAEBzQAAc2YzMgAAAAAAAQxCAAAF3v//8yYAAAeSAAD9kf//+6L///2jAAAD3AAAwGwALAAAAAAeABcAAAb/QJBwSCwaj8ikMvl5eI6ZggaUySyHHcKz+DkkHByCYHrdHD7GTSLTiFAokytIkyg+MQ3MYqGRVIhNF0YWEB0QGyAVABcYDxMPCxsLGCAdFRMHDVtEFAUIBpoHEAsZBgUYChcHHh8GCAAUSBMAGB0JGgoREB8ADyALAREgEQYgFMJHDwdUCR8FAB0ZAFazIBwAEIkKSASxHAIOAwQLBhAIFAcCEAUQBhMDlEcTHUIZEh0bFPR6GRwQUxoYxJNDUA4rJGiEJLziwcqRD2RAbEB0BYOHfB00VKhygcPEjSAwLET4xxIFDBvmUciAoYIGChAjkpwjIQOFCh40TNCAwSLOKw0OlVzwUKHChQkV4BS9UGEDzn5XMgrhaemIh4FLOiTcIJMIh5EFw4otGAQAOw==,invoice_image_J2eQ.gif,10,5540.67,23605
RSBiwG2vlzBIL8AXMLtVRxDfX2ZY4C07,number-VDAYV3,buyer-565,1.73,CAD,PO-2zd86O,R0lGODlhHgAXANUAAAAAABQUFCMjIykpKTU0NTw8PENDQ0tLS1JSUltbW2RkZGxsbG9wb3RzdHh3eHp6eoODg4qKipGRkZubm6Wlpaurq6+wr7S0tLy8vMTExMvLy9TU1Nvb2+Li4uzs7PPz8/39/QAAAAAAAAAAAAAAAAAAAAAAAAAAAAAAAAAAAAAAAAAAAAAAAAAAAAAAAAAAAAAAAAAAAAAAAAAAAAAAAAAAAAAAAAAAAAAAAAAAAAAAAAAAAAAAAAAAAAAAAAAAACH5BAkKACEAIf8LSUNDUkdCRzEwMTL/AAAHqGFwcGwCIAAAbW50clJHQiBYWVogB9kAAgAZAAsAGgALYWNzcEFQUEwAAAAAYXBwbAAAAAAAAAAAAAAAAAAAAAAAAPbWAAEAAAAA0y1hcHBsAAAAAAAAAAAAAAAAAAAAAAAAAAAAAAAAAAAAAAAAAAAAAAAAAAAAAAAAAAAAAAALZGVzYwAAAQgAAABvZHNjbQAAAXgAAAVsY3BydAAABuQAAAA4d3RwdAAABxwAAAAUclhZWgAABzAAAAAUZ1hZWgAAB0QAAAAUYlhZWgAAB1gAAAAUclRSQwAAB2wAAAAOY2hhZAAAB3wAAAAsYlRSQwAAB2wAAAAOZ1RS/0MAAAdsAAAADmRlc2MAAAAAAAAAFEdlbmVyaWMgUkdCIFByb2ZpbGUAAAAAAAAAAAAAABRHZW5lcmljIFJHQiBQcm9maWxlAAAAAAAAAAAAAAAAAAAAAAAAAAAAAAAAAAAAAAAAAAAAAAAAAAAAAAAAAAAAAAAAAABtbHVjAAAAAAAAAB4AAAAMc2tTSwAAACgAAAF4aHJIUgAAACgAAAGgY2FFUwAAACQAAAHIcHRCUgAAACYAAAHsdWtVQQAAACoAAAISZnJGVQAAACgAAAI8emhUVwAAABYAAAJkaXRJVAAAACgAAAJ6bmJOTwAAACYAAAKia29LUgAAABYAAP8CyGNzQ1oAAAAiAAAC3mhlSUwAAAAeAAADAGRlREUAAAAsAAADHmh1SFUAAAAoAAADSnN2U0UAAAAmAAAConpoQ04AAAAWAAADcmphSlAAAAAaAAADiHJvUk8AAAAkAAADomVsR1IAAAAiAAADxnB0UE8AAAAmAAAD6G5sTkwAAAAoAAAEDmVzRVMAAAAmAAAD6HRoVEgAAAAkAAAENnRyVFIAAAAiAAAEWmZpRkkAAAAoAAAEfHBsUEwAAAAsAAAEpHJ1UlUAAAAiAAAE0GFyRUcAAAAmAAAE8mVuVVMAAAAmAAAFGGRhREsAAAAuAAAFPgBWAWEAZQBvAGIAZQD/YwBuAP0AIABSAEcAQgAgAHAAcgBvAGYAaQBsAEcAZQBuAGUAcgBpAQ0AawBpACAAUgBHAEIAIABwAHIAbwBmAGkAbABQAGUAcgBmAGkAbAAgAFIARwBCACAAZwBlAG4A6AByAGkAYwBQAGUAcgBmAGkAbAAgAFIARwBCACAARwBlAG4A6QByAGkAYwBvBBcEMAQzBDAEOwRMBD0EOAQ5ACAEPwRABD4ERAQwBDkEOwAgAFIARwBCAFAAcgBvAGYAaQBsACAAZwDpAG4A6QByAGkAcQB1AGUAIABSAFYAQpAadSgAIABSAEcAQgAggnJfaWPPj/AAUAByAG8AZgBp/wBsAG8AIABSAEcAQgAgAGcAZQBuAGUAcgBpAGMAbwBHAGUAbgBlAHIAaQBzAGsAIABSAEcAQgAtAHAAcgBvAGYAaQBsx3y8GAAgAFIARwBCACDVBLhc0wzHfABPAGIAZQBjAG4A/QAgAFIARwBCACAAcAByAG8AZgBpAGwF5AXoBdUF5AXZBdwAIABSAEcAQgAgBdsF3AXcBdkAQQBsAGwAZwBlAG0AZQBpAG4AZQBzACAAUgBHAEIALQBQAHIAbwBmAGkAbADBAGwAdABhAGwA4QBuAG8AcwAgAFIARwBCACAAcAByAG8AZgBpAGxmbpAaACAAUgBHAEIAIGPPj//wZYdO9k4AgiwAIABSAEcAQgAgMNcw7TDVMKEwpDDrAFAAcgBvAGYAaQBsACAAUgBHAEIAIABnAGUAbgBlAHIAaQBjA5MDtQO9A7kDugPMACADwAPBA78DxgOvA7sAIABSAEcAQgBQAGUAcgBmAGkAbAAgAFIARwBCACAAZwBlAG4A6QByAGkAYwBvAEEAbABnAGUAbQBlAGUAbgAgAFIARwBCAC0AcAByAG8AZgBpAGUAbA5CDhsOIw5EDh8OJQ5MACAAUgBHAEIAIA4XDjEOSA4nDkQOGwBHAGUAbgBlAGwAIABSAEcAQgAgAFAAcgBvAGYAaQBsAGkAWQBsAGX/AGkAbgBlAG4AIABSAEcAQgAtAHAAcgBvAGYAaQBpAGwAaQBVAG4AaQB3AGUAcgBzAGEAbABuAHkAIABwAHIAbwBmAGkAbAAgAFIARwBCBB4EMQRJBDgEOQAgBD8EQAQ+BEQEOAQ7BEwAIABSAEcAQgZFBkQGQQAgBioGOQYxBkoGQQAgAFIARwBCACAGJwZEBjkGJwZFAEcAZQBuAGUAcgBpAGMAIABSAEcAQgAgAFAAcgBvAGYAaQBsAGUARwBlAG4AZQByAGUAbAAgAFIARwBCAC0AYgBlAHMAawByAGkAdgBlAGwAcwBldGV4dAAAAABDb3B5cmlnaHQgMjAwrzcgQXBwbGUgSW5jLiwgYWxsIHJpZ2h0cyByZXNlcnZlZC4AWFlaIAAAAAAAAPNSAAEAAAABFs9YWVogAAAAAAAAdE0AAD3uAAAD0FhZWiAAAAAAAABadQAArHMAABc0WFlaIAAAAAAAACgaAAAVnwAAuDZjdXJ2AAAAAAAAAAEBzQAAc2YzMgAAAAAAAQxCAAAF3v//8yYAAAeSAAD9kf//+6L///2jAAAD3AAAwGwALAAAAAAeABcAAAb/QJBwSCwaj8ikMvl5eI6ZggaUySyHHcKz+DkkHByCYHrdHD7GTSLTiFAokytIkyg+MQ3MYqGRVIhNF0YWEB0QGyAVABcYDxMPCxsLGCAdFRMHDVtEFAUIBpoHEAsZBgUYChcHHh8GCAAUSBMAGB0JGgoREB8ADyALAREgEQYgFMJHDwdUCR8FAB0ZAFazIBwAEIkKSASxHAIOAwQLBhAIFAcCEAUQBhMDlEcTHUIZEh0bFPR6GRwQUxoYxJNDUA4rJGiEJLziwcqRD2RAbEB0BYOHfB00VKhygcPEjSAwLET4xxIFDBvmUciAoYIGChAjkpwjIQOFCh40TNCAwSLOKw0OlVzwUKHChQkV4BS9UGEDzn5XMgrhaemIh4FLOiTcIJMIh5EFw4otGAQAOw==,invoice_image_e23S.gif,74,264193918.43,013
lSoqVD9MthbhC3MC4NqprSHJwnk20g6R,number-G2XU3m,buyer-631,3081.94,USD,PO-JjDAm3,R0lGODlhHgAXANUAAAAAABQUFCMjIykpKTU0NTw8PENDQ0tLS1JSUltbW2RkZGxsbG9wb3RzdHh3eHp6eoODg4qKipGRkZubm6Wlpaurq6+wr7S0tLy8vMTExMvLy9TU1Nvb2+Li4uzs7PPz8/39/QAAAAAAAAAAAAAAAAAAAAAAAAAAAAAAAAAAAAAAAAAAAAAAAAAAAAAAAAAAAAAAAAAAAAAAAAAAAAAAAAAAAAAAAAAAAAAAAAAAAAAAAAAAAAAAAAAAAAAAAAAAACH5BAkKACEAIf8LSUNDUkdCRzEwMTL/AAAHqGFwcGwCIAAAbW50clJHQiBYWVogB9kAAgAZAAsAGgALYWNzcEFQUEwAAAAAYXBwbAAAAAAAAAAAAAAAAAAAAAAAAPbWAAEAAAAA0y1hcHBsAAAAAAAAAAAAAAAAAAAAAAAAAAAAAAAAAAAAAAAAAAAAAAAAAAAAAAAAAAAAAAALZGVzYwAAAQgAAABvZHNjbQAAAXgAAAVsY3BydAAABuQAAAA4d3RwdAAABxwAAAAUclhZWgAABzAAAAAUZ1hZWgAAB0QAAAAUYlhZWgAAB1gAAAAUclRSQwAAB2wAAAAOY2hhZAAAB3wAAAAsYlRSQwAAB2wAAAAOZ1RS/0MAAAdsAAAADmRlc2MAAAAAAAAAFEdlbmVyaWMgUkdCIFByb2ZpbGUAAAAAAAAAAAAAABRHZW5lcmljIFJHQiBQcm9maWxlAAAAAAAAAAAAAAAAAAAAAAAAAAAAAAAAAAAAAAAAAAAAAAAAAAAAAAAAAAAAAAAAAABtbHVjAAAAAAAAAB4AAAAMc2tTSwAAACgAAAF4aHJIUgAAACgAAAGgY2FFUwAAACQAAAHIcHRCUgAAACYAAAHsdWtVQQAAACoAAAISZnJGVQAAACgAAAI8emhUVwAAABYAAAJkaXRJVAAAACgAAAJ6bmJOTwAAACYAAAKia29LUgAAABYAAP8CyGNzQ1oAAAAiAAAC3mhlSUwAAAAeAAADAGRlREUAAAAsAAADHmh1SFUAAAAoAAADSnN2U0UAAAAmAAAConpoQ04AAAAWAAADcmphSlAAAAAaAAADiHJvUk8AAAAkAAADomVsR1IAAAAiAAADxnB0UE8AAAAmAAAD6G5sTkwAAAAoAAAEDmVzRVMAAAAmAAAD6HRoVEgAAAAkAAAENnRyVFIAAAAiAAAEWmZpRkkAAAAoAAAEfHBsUEwAAAAsAAAEpHJ1UlUAAAAiAAAE0GFyRUcAAAAmAAAE8mVuVVMAAAAmAAAFGGRhREsAAAAuAAAFPgBWAWEAZQBvAGIAZQD/YwBuAP0AIABSAEcAQgAgAHAAcgBvAGYAaQBsAEcAZQBuAGUAcgBpAQ0AawBpACAAUgBHAEIAIABwAHIAbwBmAGkAbABQAGUAcgBmAGkAbAAgAFIARwBCACAAZwBlAG4A6AByAGkAYwBQAGUAcgBmAGkAbAAgAFIARwBCACAARwBlAG4A6QByAGkAYwBvBBcEMAQzBDAEOwRMBD0EOAQ5ACAEPwRABD4ERAQwBDkEOwAgAFIARwBCAFAAcgBvAGYAaQBsACAAZwDpAG4A6QByAGkAcQB1AGUAIABSAFYAQpAadSgAIABSAEcAQgAggnJfaWPPj/AAUAByAG8AZgBp/wBsAG8AIABSAEcAQgAgAGcAZQBuAGUAcgBpAGMAbwBHAGUAbgBlAHIAaQBzAGsAIABSAEcAQgAtAHAAcgBvAGYAaQBsx3y8GAAgAFIARwBCACDVBLhc0wzHfABPAGIAZQBjAG4A/QAgAFIARwBCACAAcAByAG8AZgBpAGwF5AXoBdUF5AXZBdwAIABSAEcAQgAgBdsF3AXcBdkAQQBsAGwAZwBlAG0AZQBpAG4AZQBzACAAUgBHAEIALQBQAHIAbwBmAGkAbADBAGwAdABhAGwA4QBuAG8AcwAgAFIARwBCACAAcAByAG8AZgBpAGxmbpAaACAAUgBHAEIAIGPPj//wZYdO9k4AgiwAIABSAEcAQgAgMNcw7TDVMKEwpDDrAFAAcgBvAGYAaQBsACAAUgBHAEIAIABnAGUAbgBlAHIAaQBjA5MDtQO9A7kDugPMACADwAPBA78DxgOvA7sAIABSAEcAQgBQAGUAcgBmAGkAbAAgAFIARwBCACAAZwBlAG4A6QByAGkAYwBvAEEAbABnAGUAbQBlAGUAbgAgAFIARwBCAC0AcAByAG8AZgBpAGUAbA5CDhsOIw5EDh8OJQ5MACAAUgBHAEIAIA4XDjEOSA4nDkQOGwBHAGUAbgBlAGwAIABSAEcAQgAgAFAAcgBvAGYAaQBsAGkAWQBsAGX/AGkAbgBlAG4AIABSAEcAQgAtAHAAcgBvAGYAaQBpAGwAaQBVAG4AaQB3AGUAcgBzAGEAbABuAHkAIABwAHIAbwBmAGkAbAAgAFIARwBCBB4EMQRJBDgEOQAgBD8EQAQ+BEQEOAQ7BEwAIABSAEcAQgZFBkQGQQAgBioGOQYxBkoGQQAgAFIARwBCACAGJwZEBjkGJwZFAEcAZQBuAGUAcgBpAGMAIABSAEcAQgAgAFAAcgBvAGYAaQBsAGUARwBlAG4AZQByAGUAbAAgAFIARwBCAC0AYgBlAHMAawByAGkAdgBlAGwAcwBldGV4dAAAAABDb3B5cmlnaHQgMjAwrzcgQXBwbGUgSW5jLiwgYWxsIHJpZ2h0cyByZXNlcnZlZC4AWFlaIAAAAAAAAPNSAAEAAAABFs9YWVogAAAAAAAAdE0AAD3uAAAD0FhZWiAAAAAAAABadQAArHMAABc0WFlaIAAAAAAAACgaAAAVnwAAuDZjdXJ2AAAAAAAAAAEBzQAAc2YzMgAAAAAAAQxCAAAF3v//8yYAAAeSAAD9kf//+6L///2jAAAD3AAAwGwALAAAAAAeABcAAAb/QJBwSCwaj8ikMvl5eI6ZggaUySyHHcKz+DkkHByCYHrdHD7GTSLTiFAokytIkyg+MQ3MYqGRVIhNF0YWEB0QGyAVABcYDxMPCxsLGCAdFRMHDVtEFAUIBpoHEAsZBgUYChcHHh8GCAAUSBMAGB0JGgoREB8ADyALAREgEQYgFMJHDwdUCR8FAB0ZAFazIBwAEIkKSASxHAIOAwQLBhAIFAcCEAUQBhMDlEcTHUIZEh0bFPR6GRwQUxoYxJNDUA4rJGiEJLziwcqRD2RAbEB0BYOHfB00VKhygcPEjSAwLET4xxIFDBvmUciAoYIGChAjkpwjIQOFCh40TNCAwSLOKw0OlVzwUKHChQkV4BS9UGEDzn5XMgrhaemIh4FLOiTcIJMIh5EFw4otGAQAOw==,invoice_image_w3wM.gif,06,1698352.02,3871911
jVJUd4BEq2XEjODyrRRQDxWZGdx8Aou6,number-WQxQgt,buyer-516,6669816.81,EUR,PO-gPMZ6P,R0lGODlhHgAXANUAAAAAABQUFCMjIykpKTU0NTw8PENDQ0tLS1JSUltbW2RkZGxsbG9wb3RzdHh3eHp6eoODg4qKipGRkZubm6Wlpaurq6+wr7S0tLy8vMTExMvLy9TU1Nvb2+Li4uzs7PPz8/39/QAAAAAAAAAAAAAAAAAAAAAAAAAAAAAAAAAAAAAAAAAAAAAAAAAAAAAAAAAAAAAAAAAAAAAAAAAAAAAAAAAAAAAAAAAAAAAAAAAAAAAAAAAAAAAAAAAAAAAAAAAAACH5BAkKACEAIf8LSUNDUkdCRzEwMTL/AAAHqGFwcGwCIAAAbW50clJHQiBYWVogB9kAAgAZAAsAGgALYWNzcEFQUEwAAAAAYXBwbAAAAAAAAAAAAAAAAAAAAAAAAPbWAAEAAAAA0y1hcHBsAAAAAAAAAAAAAAAAAAAAAAAAAAAAAAAAAAAAAAAAAAAAAAAAAAAAAAAAAAAAAAALZGVzYwAAAQgAAABvZHNjbQAAAXgAAAVsY3BydAAABuQAAAA4d3RwdAAABxwAAAAUclhZWgAABzAAAAAUZ1hZWgAAB0QAAAAUYlhZWgAAB1gAAAAUclRSQwAAB2wAAAAOY2hhZAAAB3wAAAAsYlRSQwAAB2wAAAAOZ1RS/0MAAAdsAAAADmRlc2MAAAAAAAAAFEdlbmVyaWMgUkdCIFByb2ZpbGUAAAAAAAAAAAAAABRHZW5lcmljIFJHQiBQcm9maWxlAAAAAAAAAAAAAAAAAAAAAAAAAAAAAAAAAAAAAAAAAAAAAAAAAAAAAAAAAAAAAAAAAABtbHVjAAAAAAAAAB4AAAAMc2tTSwAAACgAAAF4aHJIUgAAACgAAAGgY2FFUwAAACQAAAHIcHRCUgAAACYAAAHsdWtVQQAAACoAAAISZnJGVQAAACgAAAI8emhUVwAAABYAAAJkaXRJVAAAACgAAAJ6bmJOTwAAACYAAAKia29LUgAAABYAAP8CyGNzQ1oAAAAiAAAC3mhlSUwAAAAeAAADAGRlREUAAAAsAAADHmh1SFUAAAAoAAADSnN2U0UAAAAmAAAConpoQ04AAAAWAAADcmphSlAAAAAaAAADiHJvUk8AAAAkAAADomVsR1IAAAAiAAADxnB0UE8AAAAmAAAD6G5sTkwAAAAoAAAEDmVzRVMAAAAmAAAD6HRoVEgAAAAkAAAENnRyVFIAAAAiAAAEWmZpRkkAAAAoAAAEfHBsUEwAAAAsAAAEpHJ1UlUAAAAiAAAE0GFyRUcAAAAmAAAE8mVuVVMAAAAmAAAFGGRhREsAAAAuAAAFPgBWAWEAZQBvAGIAZQD/YwBuAP0AIABSAEcAQgAgAHAAcgBvAGYAaQBsAEcAZQBuAGUAcgBpAQ0AawBpACAAUgBHAEIAIABwAHIAbwBmAGkAbABQAGUAcgBmAGkAbAAgAFIARwBCACAAZwBlAG4A6AByAGkAYwBQAGUAcgBmAGkAbAAgAFIARwBCACAARwBlAG4A6QByAGkAYwBvBBcEMAQzBDAEOwRMBD0EOAQ5ACAEPwRABD4ERAQwBDkEOwAgAFIARwBCAFAAcgBvAGYAaQBsACAAZwDpAG4A6QByAGkAcQB1AGUAIABSAFYAQpAadSgAIABSAEcAQgAggnJfaWPPj/AAUAByAG8AZgBp/wBsAG8AIABSAEcAQgAgAGcAZQBuAGUAcgBpAGMAbwBHAGUAbgBlAHIAaQBzAGsAIABSAEcAQgAtAHAAcgBvAGYAaQBsx3y8GAAgAFIARwBCACDVBLhc0wzHfABPAGIAZQBjAG4A/QAgAFIARwBCACAAcAByAG8AZgBpAGwF5AXoBdUF5AXZBdwAIABSAEcAQgAgBdsF3AXcBdkAQQBsAGwAZwBlAG0AZQBpAG4AZQBzACAAUgBHAEIALQBQAHIAbwBmAGkAbADBAGwAdABhAGwA4QBuAG8AcwAgAFIARwBCACAAcAByAG8AZgBpAGxmbpAaACAAUgBHAEIAIGPPj//wZYdO9k4AgiwAIABSAEcAQgAgMNcw7TDVMKEwpDDrAFAAcgBvAGYAaQBsACAAUgBHAEIAIABnAGUAbgBlAHIAaQBjA5MDtQO9A7kDugPMACADwAPBA78DxgOvA7sAIABSAEcAQgBQAGUAcgBmAGkAbAAgAFIARwBCACAAZwBlAG4A6QByAGkAYwBvAEEAbABnAGUAbQBlAGUAbgAgAFIARwBCAC0AcAByAG8AZgBpAGUAbA5CDhsOIw5EDh8OJQ5MACAAUgBHAEIAIA4XDjEOSA4nDkQOGwBHAGUAbgBlAGwAIABSAEcAQgAgAFAAcgBvAGYAaQBsAGkAWQBsAGX/AGkAbgBlAG4AIABSAEcAQgAtAHAAcgBvAGYAaQBpAGwAaQBVAG4AaQB3AGUAcgBzAGEAbABuAHkAIABwAHIAbwBmAGkAbAAgAFIARwBCBB4EMQRJBDgEOQAgBD8EQAQ+BEQEOAQ7BEwAIABSAEcAQgZFBkQGQQAgBioGOQYxBkoGQQAgAFIARwBCACAGJwZEBjkGJwZFAEcAZQBuAGUAcgBpAGMAIABSAEcAQgAgAFAAcgBvAGYAaQBsAGUARwBlAG4AZQByAGUAbAAgAFIARwBCAC0AYgBlAHMAawByAGkAdgBlAGwAcwBldGV4dAAAAABDb3B5cmlnaHQgMjAwrzcgQXBwbGUgSW5jLiwgYWxsIHJpZ2h0cyByZXNlcnZlZC4AWFlaIAAAAAAAAPNSAAEAAAABFs9YWVogAAAAAAAAdE0AAD3uAAAD0FhZWiAAAAAAAABadQAArHMAABc0WFlaIAAAAAAAACgaAAAVnwAAuDZjdXJ2AAAAAAAAAAEBzQAAc2YzMgAAAAAAAQxCAAAF3v//8yYAAAeSAAD9kf//+6L///2jAAAD3AAAwGwALAAAAAAeABcAAAb/QJBwSCwaj8ikMvl5eI6ZggaUySyHHcKz+DkkHByCYHrdHD7GTSLTiFAokytIkyg+MQ3MYqGRVIhNF0YWEB0QGyAVABcYDxMPCxsLGCAdFRMHDVtEFAUIBpoHEAsZBgUYChcHHh8GCAAUSBMAGB0JGgoREB8ADyALAREgEQYgFMJHDwdUCR8FAB0ZAFazIBwAEIkKSASxHAIOAwQLBhAIFAcCEAUQBhMDlEcTHUIZEh0bFPR6GRwQUxoYxJNDUA4rJGiEJLziwcqRD2RAbEB0BYOHfB00VKhygcPEjSAwLET4xxIFDBvmUciAoYIGChAjkpwjIQOFCh40TNCAwSLOKw0OlVzwUKHChQkV4BS9UGEDzn5XMgrhaemIh4FLOiTcIJMIh5EFw4otGAQAOw==,invoice_image_Fkpq.gif,02,804917.83,0750487205
pCT4x8DzwnHmfhceFaqxEzGWUesRxTDm,number-BhPoRe,buyer-477,901086.05,CAD,PO-upYq0K,R0lGODlhHgAXANUAAAAAABQUFCMjIykpKTU0NTw8PENDQ0tLS1JSUltbW2RkZGxsbG9wb3RzdHh3eHp6eoODg4qKipGRkZubm6Wlpaurq6+wr7S0tLy8vMTExMvLy9TU1Nvb2+Li4uzs7PPz8/39/QAAAAAAAAAAAAAAAAAAAAAAAAAAAAAAAAAAAAAAAAAAAAAAAAAAAAAAAAAAAAAAAAAAAAAAAAAAAAAAAAAAAAAAAAAAAAAAAAAAAAAAAAAAAAAAAAAAAAAAAAAAACH5BAkKACEAIf8LSUNDUkdCRzEwMTL/AAAHqGFwcGwCIAAAbW50clJHQiBYWVogB9kAAgAZAAsAGgALYWNzcEFQUEwAAAAAYXBwbAAAAAAAAAAAAAAAAAAAAAAAAPbWAAEAAAAA0y1hcHBsAAAAAAAAAAAAAAAAAAAAAAAAAAAAAAAAAAAAAAAAAAAAAAAAAAAAAAAAAAAAAAALZGVzYwAAAQgAAABvZHNjbQAAAXgAAAVsY3BydAAABuQAAAA4d3RwdAAABxwAAAAUclhZWgAABzAAAAAUZ1hZWgAAB0QAAAAUYlhZWgAAB1gAAAAUclRSQwAAB2wAAAAOY2hhZAAAB3wAAAAsYlRSQwAAB2wAAAAOZ1RS/0MAAAdsAAAADmRlc2MAAAAAAAAAFEdlbmVyaWMgUkdCIFByb2ZpbGUAAAAAAAAAAAAAABRHZW5lcmljIFJHQiBQcm9maWxlAAAAAAAAAAAAAAAAAAAAAAAAAAAAAAAAAAAAAAAAAAAAAAAAAAAAAAAAAAAAAAAAAABtbHVjAAAAAAAAAB4AAAAMc2tTSwAAACgAAAF4aHJIUgAAACgAAAGgY2FFUwAAACQAAAHIcHRCUgAAACYAAAHsdWtVQQAAACoAAAISZnJGVQAAACgAAAI8emhUVwAAABYAAAJkaXRJVAAAACgAAAJ6bmJOTwAAACYAAAKia29LUgAAABYAAP8CyGNzQ1oAAAAiAAAC3mhlSUwAAAAeAAADAGRlREUAAAAsAAADHmh1SFUAAAAoAAADSnN2U0UAAAAmAAAConpoQ04AAAAWAAADcmphSlAAAAAaAAADiHJvUk8AAAAkAAADomVsR1IAAAAiAAADxnB0UE8AAAAmAAAD6G5sTkwAAAAoAAAEDmVzRVMAAAAmAAAD6HRoVEgAAAAkAAAENnRyVFIAAAAiAAAEWmZpRkkAAAAoAAAEfHBsUEwAAAAsAAAEpHJ1UlUAAAAiAAAE0GFyRUcAAAAmAAAE8mVuVVMAAAAmAAAFGGRhREsAAAAuAAAFPgBWAWEAZQBvAGIAZQD/YwBuAP0AIABSAEcAQgAgAHAAcgBvAGYAaQBsAEcAZQBuAGUAcgBpAQ0AawBpACAAUgBHAEIAIABwAHIAbwBmAGkAbABQAGUAcgBmAGkAbAAgAFIARwBCACAAZwBlAG4A6AByAGkAYwBQAGUAcgBmAGkAbAAgAFIARwBCACAARwBlAG4A6QByAGkAYwBvBBcEMAQzBDAEOwRMBD0EOAQ5ACAEPwRABD4ERAQwBDkEOwAgAFIARwBCAFAAcgBvAGYAaQBsACAAZwDpAG4A6QByAGkAcQB1AGUAIABSAFYAQpAadSgAIABSAEcAQgAggnJfaWPPj/AAUAByAG8AZgBp/wBsAG8AIABSAEcAQgAgAGcAZQBuAGUAcgBpAGMAbwBHAGUAbgBlAHIAaQBzAGsAIABSAEcAQgAtAHAAcgBvAGYAaQBsx3y8GAAgAFIARwBCACDVBLhc0wzHfABPAGIAZQBjAG4A/QAgAFIARwBCACAAcAByAG8AZgBpAGwF5AXoBdUF5AXZBdwAIABSAEcAQgAgBdsF3AXcBdkAQQBsAGwAZwBlAG0AZQBpAG4AZQBzACAAUgBHAEIALQBQAHIAbwBmAGkAbADBAGwAdABhAGwA4QBuAG8AcwAgAFIARwBCACAAcAByAG8AZgBpAGxmbpAaACAAUgBHAEIAIGPPj//wZYdO9k4AgiwAIABSAEcAQgAgMNcw7TDVMKEwpDDrAFAAcgBvAGYAaQBsACAAUgBHAEIAIABnAGUAbgBlAHIAaQBjA5MDtQO9A7kDugPMACADwAPBA78DxgOvA7sAIABSAEcAQgBQAGUAcgBmAGkAbAAgAFIARwBCACAAZwBlAG4A6QByAGkAYwBvAEEAbABnAGUAbQBlAGUAbgAgAFIARwBCAC0AcAByAG8AZgBpAGUAbA5CDhsOIw5EDh8OJQ5MACAAUgBHAEIAIA4XDjEOSA4nDkQOGwBHAGUAbgBlAGwAIABSAEcAQgAgAFAAcgBvAGYAaQBsAGkAWQBsAGX/AGkAbgBlAG4AIABSAEcAQgAtAHAAcgBvAGYAaQBpAGwAaQBVAG4AaQB3AGUAcgBzAGEAbABuAHkAIABwAHIAbwBmAGkAbAAgAFIARwBCBB4EMQRJBDgEOQAgBD8EQAQ+BEQEOAQ7BEwAIABSAEcAQgZFBkQGQQAgBioGOQYxBkoGQQAgAFIARwBCACAGJwZEBjkGJwZFAEcAZQBuAGUAcgBpAGMAIABSAEcAQgAgAFAAcgBvAGYAaQBsAGUARwBlAG4AZQByAGUAbAAgAFIARwBCAC0AYgBlAHMAawByAGkAdgBlAGwAcwBldGV4dAAAAABDb3B5cmlnaHQgMjAwrzcgQXBwbGUgSW5jLiwgYWxsIHJpZ2h0cyByZXNlcnZlZC4AWFlaIAAAAAAAAPNSAAEAAAABFs9YWVogAAAAAAAAdE0AAD3uAAAD0FhZWiAAAAAAAABadQAArHMAABc0WFlaIAAAAAAAACgaAAAVnwAAuDZjdXJ2AAAAAAAAAAEBzQAAc2YzMgAAAAAAAQxCAAAF3v//8yYAAAeSAAD9kf//+6L///2jAAAD3AAAwGwALAAAAAAeABcAAAb/QJBwSCwaj8ikMvl5eI6ZggaUySyHHcKz+DkkHByCYHrdHD7GTSLTiFAokytIkyg+MQ3MYqGRVIhNF0YWEB0QGyAVABcYDxMPCxsLGCAdFRMHDVtEFAUIBpoHEAsZBgUYChcHHh8GCAAUSBMAGB0JGgoREB8ADyALAREgEQYgFMJHDwdUCR8FAB0ZAFazIBwAEIkKSASxHAIOAwQLBhAIFAcCEAUQBhMDlEcTHUIZEh0bFPR6GRwQUxoYxJNDUA4rJGiEJLziwcqRD2RAbEB0BYOHfB00VKhygcPEjSAwLET4xxIFDBvmUciAoYIGChAjkpwjIQOFCh40TNCAwSLOKw0OlVzwUKHChQkV4BS9UGEDzn5XMgrhaemIh4FLOiTcIJMIh5EFw4otGAQAOw==,invoice_image_1zBN.gif,35,104556668.51,2316388868
YMBkTWDpb8ljPe2uMHUr24ZXqXlZ2xID,number-Bxo54a,buyer-230,4.10,USD,PO-RHt1IO,R0lGODlhHgAXANUAAAAAABQUFCMjIykpKTU0NTw8PENDQ0tLS1JSUltbW2RkZGxsbG9wb3RzdHh3eHp6eoODg4qKipGRkZubm6Wlpaurq6+wr7S0tLy8vMTExMvLy9TU1Nvb2+Li4uzs7PPz8/39/QAAAAAAAAAAAAAAAAAAAAAAAAAAAAAAAAAAAAAAAAAAAAAAAAAAAAAAAAAAAAAAAAAAAAAAAAAAAAAAAAAAAAAAAAAAAAAAAAAAAAAAAAAAAAAAAAAAAAAAAAAAACH5BAkKACEAIf8LSUNDUkdCRzEwMTL/AAAHqGFwcGwCIAAAbW50clJHQiBYWVogB9kAAgAZAAsAGgALYWNzcEFQUEwAAAAAYXBwbAAAAAAAAAAAAAAAAAAAAAAAAPbWAAEAAAAA0y1hcHBsAAAAAAAAAAAAAAAAAAAAAAAAAAAAAAAAAAAAAAAAAAAAAAAAAAAAAAAAAAAAAAALZGVzYwAAAQgAAABvZHNjbQAAAXgAAAVsY3BydAAABuQAAAA4d3RwdAAABxwAAAAUclhZWgAABzAAAAAUZ1hZWgAAB0QAAAAUYlhZWgAAB1gAAAAUclRSQwAAB2wAAAAOY2hhZAAAB3wAAAAsYlRSQwAAB2wAAAAOZ1RS/0MAAAdsAAAADmRlc2MAAAAAAAAAFEdlbmVyaWMgUkdCIFByb2ZpbGUAAAAAAAAAAAAAABRHZW5lcmljIFJHQiBQcm9maWxlAAAAAAAAAAAAAAAAAAAAAAAAAAAAAAAAAAAAAAAAAAAAAAAAAAAAAAAAAAAAAAAAAABtbHVjAAAAAAAAAB4AAAAMc2tTSwAAACgAAAF4aHJIUgAAACgAAAGgY2FFUwAAACQAAAHIcHRCUgAAACYAAAHsdWtVQQAAACoAAAISZnJGVQAAACgAAAI8emhUVwAAABYAAAJkaXRJVAAAACgAAAJ6bmJOTwAAACYAAAKia29LUgAAABYAAP8CyGNzQ1oAAAAiAAAC3mhlSUwAAAAeAAADAGRlREUAAAAsAAADHmh1SFUAAAAoAAADSnN2U0UAAAAmAAAConpoQ04AAAAWAAADcmphSlAAAAAaAAADiHJvUk8AAAAkAAADomVsR1IAAAAiAAADxnB0UE8AAAAmAAAD6G5sTkwAAAAoAAAEDmVzRVMAAAAmAAAD6HRoVEgAAAAkAAAENnRyVFIAAAAiAAAEWmZpRkkAAAAoAAAEfHBsUEwAAAAsAAAEpHJ1UlUAAAAiAAAE0GFyRUcAAAAmAAAE8mVuVVMAAAAmAAAFGGRhREsAAAAuAAAFPgBWAWEAZQBvAGIAZQD/YwBuAP0AIABSAEcAQgAgAHAAcgBvAGYAaQBsAEcAZQBuAGUAcgBpAQ0AawBpACAAUgBHAEIAIABwAHIAbwBmAGkAbABQAGUAcgBmAGkAbAAgAFIARwBCACAAZwBlAG4A6AByAGkAYwBQAGUAcgBmAGkAbAAgAFIARwBCACAARwBlAG4A6QByAGkAYwBvBBcEMAQzBDAEOwRMBD0EOAQ5ACAEPwRABD4ERAQwBDkEOwAgAFIARwBCAFAAcgBvAGYAaQBsACAAZwDpAG4A6QByAGkAcQB1AGUAIABSAFYAQpAadSgAIABSAEcAQgAggnJfaWPPj/AAUAByAG8AZgBp/wBsAG8AIABSAEcAQgAgAGcAZQBuAGUAcgBpAGMAbwBHAGUAbgBlAHIAaQBzAGsAIABSAEcAQgAtAHAAcgBvAGYAaQBsx3y8GAAgAFIARwBCACDVBLhc0wzHfABPAGIAZQBjAG4A/QAgAFIARwBCACAAcAByAG8AZgBpAGwF5AXoBdUF5AXZBdwAIABSAEcAQgAgBdsF3AXcBdkAQQBsAGwAZwBlAG0AZQBpAG4AZQBzACAAUgBHAEIALQBQAHIAbwBmAGkAbADBAGwAdABhAGwA4QBuAG8AcwAgAFIARwBCACAAcAByAG8AZgBpAGxmbpAaACAAUgBHAEIAIGPPj//wZYdO9k4AgiwAIABSAEcAQgAgMNcw7TDVMKEwpDDrAFAAcgBvAGYAaQBsACAAUgBHAEIAIABnAGUAbgBlAHIAaQBjA5MDtQO9A7kDugPMACADwAPBA78DxgOvA7sAIABSAEcAQgBQAGUAcgBmAGkAbAAgAFIARwBCACAAZwBlAG4A6QByAGkAYwBvAEEAbABnAGUAbQBlAGUAbgAgAFIARwBCAC0AcAByAG8AZgBpAGUAbA5CDhsOIw5EDh8OJQ5MACAAUgBHAEIAIA4XDjEOSA4nDkQOGwBHAGUAbgBlAGwAIABSAEcAQgAgAFAAcgBvAGYAaQBsAGkAWQBsAGX/AGkAbgBlAG4AIABSAEcAQgAtAHAAcgBvAGYAaQBpAGwAaQBVAG4AaQB3AGUAcgBzAGEAbABuAHkAIABwAHIAbwBmAGkAbAAgAFIARwBCBB4EMQRJBDgEOQAgBD8EQAQ+BEQEOAQ7BEwAIABSAEcAQgZFBkQGQQAgBioGOQYxBkoGQQAgAFIARwBCACAGJwZEBjkGJwZFAEcAZQBuAGUAcgBpAGMAIABSAEcAQgAgAFAAcgBvAGYAaQBsAGUARwBlAG4AZQByAGUAbAAgAFIARwBCAC0AYgBlAHMAawByAGkAdgBlAGwAcwBldGV4dAAAAABDb3B5cmlnaHQgMjAwrzcgQXBwbGUgSW5jLiwgYWxsIHJpZ2h0cyByZXNlcnZlZC4AWFlaIAAAAAAAAPNSAAEAAAABFs9YWVogAAAAAAAAdE0AAD3uAAAD0FhZWiAAAAAAAABadQAArHMAABc0WFlaIAAAAAAAACgaAAAVnwAAuDZjdXJ2AAAAAAAAAAEBzQAAc2YzMgAAAAAAAQxCAAAF3v//8yYAAAeSAAD9kf//+6L///2jAAAD3AAAwGwALAAAAAAeABcAAAb/QJBwSCwaj8ikMvl5eI6ZggaUySyHHcKz+DkkHByCYHrdHD7GTSLTiFAokytIkyg+MQ3MYqGRVIhNF0YWEB0QGyAVABcYDxMPCxsLGCAdFRMHDVtEFAUIBpoHEAsZBgUYChcHHh8GCAAUSBMAGB0JGgoREB8ADyALAREgEQYgFMJHDwdUCR8FAB0ZAFazIBwAEIkKSASxHAIOAwQLBhAIFAcCEAUQBhMDlEcTHUIZEh0bFPR6GRwQUxoYxJNDUA4rJGiEJLziwcqRD2RAbEB0BYOHfB00VKhygcPEjSAwLET4xxIFDBvmUciAoYIGChAjkpwjIQOFCh40TNCAwSLOKw0OlVzwUKHChQkV4BS9UGEDzn5XMgrhaemIh4FLOiTcIJMIh5EFw4otGAQAOw==,invoice_image_x9q8.gif,47,38741186.59,601
